{
  "config": {
    "quick_mode": false,
    "max_train_samples": 0,
    "val_split": 0.2,
    "random_state": 42,
    "tuning_enabled": false,
    "cv_enabled": false
  },
  "data_summary": {
    "train_samples": 19200,
    "val_samples": 4800,
    "test_samples": 6000,
    "n_features": 117
  },
  "training": {
    "train_accuracy": 0.86203125,
    "val_accuracy": 0.8175
  },
  "test_metrics": {
    "accuracy": 0.7766666666666666,
    "precision": 0.49592986850344395,
    "recall": 0.5968349660889224,
    "f1_score": 0.5417236662106704,
    "specificity": 0.8277337898566232,
    "matthews_corrcoef": 0.3987076626996521,
    "roc_auc": 0.7796846705996433,
    "pr_auc": 0.5535095178444807,
    "log_loss": 0.43128868152621186,
    "brier_score": 0.13524113980216823
  },
  "val_metrics": {
    "accuracy": 0.78,
    "precision": 0.502373417721519,
    "recall": 0.5979284369114878,
    "f1_score": 0.5460017196904557,
    "specificity": 0.8317281968967363,
    "matthews_corrcoef": 0.40492422844552667,
    "roc_auc": 0.7837164299266756,
    "pr_auc": 0.5522730061761523,
    "log_loss": 0.43095803992085524,
    "brier_score": 0.13533603955142395
  }
}