{
  "config": {
    "quick_mode": false,
    "max_train_samples": 0,
    "val_split": 0.2,
    "random_state": 42,
    "tuning_enabled": false,
    "cv_enabled": false
  },
  "data_summary": {
    "train_samples": 19200,
    "val_samples": 4800,
    "test_samples": 6000,
    "n_features": 117
  },
  "training": {
    "train_accuracy": 0.8564583333333333,
    "val_accuracy": 0.8147916666666667
  },
  "test_metrics": {
    "accuracy": 0.8165,
    "precision": 0.7092592592592593,
    "recall": 0.2886209495101733,
    "f1_score": 0.4102838778789502,
    "specificity": 0.966402739139739,
    "matthews_corrcoef": 0.36984578515569233,
    "roc_auc": 0.7808868016508762,
    "pr_auc": 0.556035731412533,
    "log_loss": 0.44517895042881295,
    "brier_score": 0.1389348517697963
  },
  "val_metrics": {
    "accuracy": 0.8147916666666667,
    "precision": 0.7146401985111662,
    "recall": 0.2711864406779661,
    "f1_score": 0.3931740614334471,
    "specificity": 0.969234884965222,
    "matthews_corrcoef": 0.3598521803795216,
    "roc_auc": 0.7826856360945106,
    "pr_auc": 0.5515959149968637,
    "log_loss": 0.4467765352284017,
    "brier_score": 0.13975921030561234
  }
}