{
  "config": {
    "quick_mode": false,
    "max_train_samples": 0,
    "val_split": 0.2,
    "random_state": 42,
    "tuning_enabled": false,
    "cv_enabled": false
  },
  "data_summary": {
    "train_samples": 19200,
    "val_samples": 4800,
    "test_samples": 6000,
    "n_features": 117
  },
  "training": {
    "train_accuracy": 0.9608854166666667,
    "val_accuracy": 0.8158333333333333
  },
  "test_metrics": {
    "accuracy": 0.7551666666666667,
    "precision": 0.45993227990970653,
    "recall": 0.6141672946495855,
    "f1_score": 0.5259761213294611,
    "specificity": 0.79520650545688,
    "matthews_corrcoef": 0.37243805354649157,
    "roc_auc": 0.7715740555139587,
    "pr_auc": 0.5404843992807907,
    "log_loss": 0.45358173257777573,
    "brier_score": 0.1391791540621987
  },
  "val_metrics": {
    "accuracy": 0.7697916666666667,
    "precision": 0.48415622697126015,
    "recall": 0.6186440677966102,
    "f1_score": 0.5431996692848284,
    "specificity": 0.8127340823970037,
    "matthews_corrcoef": 0.39763226361115267,
    "roc_auc": 0.7758748900436198,
    "pr_auc": 0.5367434775359835,
    "log_loss": 0.45236045608288766,
    "brier_score": 0.1388589911579637
  }
}